Price,Adj Close,Close,High,Low,Open,Volume
Ticker,MARICO.NS,MARICO.NS,MARICO.NS,MARICO.NS,MARICO.NS,MARICO.NS
Datetime,,,,,,
2026-05-19 09:15:00+05:30,837.9500122070312,837.9500122070312,839.7999877929688,830.0999755859375,830.0999755859375,25094
2026-05-19 09:30:00+05:30,839.3499755859375,839.3499755859375,839.7999877929688,834.6500244140625,837.9000244140625,33234
2026-05-19 09:45:00+05:30,840.3499755859375,840.3499755859375,841.6500244140625,838.6500244140625,839.0999755859375,29846
2026-05-19 10:00:00+05:30,840.7999877929688,840.7999877929688,841.2999877929688,839.4500122070312,840.0,17011
2026-05-19 10:15:00+05:30,840.0,840.0,841.0,839.2000122070312,840.5,16010
2026-05-19 10:30:00+05:30,837.5499877929688,837.5499877929688,840.0,835.5499877929688,839.75,63591
2026-05-19 10:45:00+05:30,836.0,836.0,838.2000122070312,835.2999877929688,837.2000122070312,36230
2026-05-19 11:00:00+05:30,834.5499877929688,834.5499877929688,836.3499755859375,834.2000122070312,836.0,31318
2026-05-19 11:15:00+05:30,833.8499755859375,833.8499755859375,834.4000244140625,831.9000244140625,834.1500244140625,18319
2026-05-19 11:30:00+05:30,833.8499755859375,833.8499755859375,833.9000244140625,832.6500244140625,833.75,20326
2026-05-19 11:45:00+05:30,834.1500244140625,834.1500244140625,834.1500244140625,833.0999755859375,833.75,17277
2026-05-19 12:00:00+05:30,832.3499755859375,832.3499755859375,834.0,831.6500244140625,833.8499755859375,32044
2026-05-19 12:15:00+05:30,831.8499755859375,831.8499755859375,832.5499877929688,831.0999755859375,832.2999877929688,28304
2026-05-19 12:30:00+05:30,833.5,833.5,833.7000122070312,831.6500244140625,831.8499755859375,22293
2026-05-19 12:45:00+05:30,832.5,832.5,833.6500244140625,832.1500244140625,833.5,18275
2026-05-19 13:00:00+05:30,832.8499755859375,832.8499755859375,833.5499877929688,832.25,832.3499755859375,24612
2026-05-19 13:15:00+05:30,834.0,834.0,834.9500122070312,832.7999877929688,832.7999877929688,37571
2026-05-19 13:30:00+05:30,834.5,834.5,834.7999877929688,833.7000122070312,833.9500122070312,24579
2026-05-19 13:45:00+05:30,834.8499755859375,834.8499755859375,835.0,834.1500244140625,834.4500122070312,26804
2026-05-19 14:00:00+05:30,833.25,833.25,835.3499755859375,832.7000122070312,834.8499755859375,80684
2026-05-19 14:15:00+05:30,832.9000244140625,832.9000244140625,833.5999755859375,832.6500244140625,833.25,22944
2026-05-19 14:30:00+05:30,831.7999877929688,831.7999877929688,833.0,831.4000244140625,832.9000244140625,51870
2026-05-19 14:45:00+05:30,829.7999877929688,829.7999877929688,831.9000244140625,829.0,831.6500244140625,252401
2026-05-19 15:00:00+05:30,832.3499755859375,832.3499755859375,832.5999755859375,829.2000122070312,829.75,227747
2026-05-19 15:15:00+05:30,832.5999755859375,832.5999755859375,832.5999755859375,829.5499877929688,832.2999877929688,202453
2026-05-20 09:15:00+05:30,829.2999877929688,829.2999877929688,829.9000244140625,825.0999755859375,828.9500122070312,60556
2026-05-20 09:30:00+05:30,832.9500122070312,832.9500122070312,833.1500244140625,829.9500122070312,829.9500122070312,83615
2026-05-20 09:45:00+05:30,825.7000122070312,825.7000122070312,833.7000122070312,822.2999877929688,832.7000122070312,198962
2026-05-20 10:00:00+05:30,825.4000244140625,825.4000244140625,825.8499755859375,823.4500122070312,825.4500122070312,36990
2026-05-20 10:15:00+05:30,826.9500122070312,826.9500122070312,827.9000244140625,824.8499755859375,825.2999877929688,47647
2026-05-20 10:30:00+05:30,827.4500122070312,827.4500122070312,827.9000244140625,826.75,826.9500122070312,33413
2026-05-20 10:45:00+05:30,829.0,829.0,831.3499755859375,827.0499877929688,827.25,39462
2026-05-20 11:00:00+05:30,830.2000122070312,830.2000122070312,830.7000122070312,828.5499877929688,829.3499755859375,24649
2026-05-20 11:15:00+05:30,832.2999877929688,832.2999877929688,832.9500122070312,829.75,830.0499877929688,32717
2026-05-20 11:30:00+05:30,835.0,835.0,835.1500244140625,831.75,832.2999877929688,40773
2026-05-20 11:45:00+05:30,834.6500244140625,834.6500244140625,838.0,834.2000122070312,834.9500122070312,75998
2026-05-20 12:00:00+05:30,833.9000244140625,833.9000244140625,835.4500122070312,833.5999755859375,834.6500244140625,34515
2026-05-20 12:15:00+05:30,832.4500122070312,832.4500122070312,834.6500244140625,832.2999877929688,833.9500122070312,24841
2026-05-20 12:30:00+05:30,832.7000122070312,832.7000122070312,832.75,832.0499877929688,832.3499755859375,21868
2026-05-20 12:45:00+05:30,834.0499877929688,834.0499877929688,834.6500244140625,832.2999877929688,832.5499877929688,46519
2026-05-20 13:00:00+05:30,834.75,834.75,835.25,833.9000244140625,834.2000122070312,24517
2026-05-20 13:15:00+05:30,834.7000122070312,834.7000122070312,835.5499877929688,833.8499755859375,834.8499755859375,58103
2026-05-20 13:30:00+05:30,835.7000122070312,835.7000122070312,836.25,834.1500244140625,834.7000122070312,57808
2026-05-20 13:45:00+05:30,837.5999755859375,837.5999755859375,837.6500244140625,835.2999877929688,835.4500122070312,41798
2026-05-20 14:00:00+05:30,837.5999755859375,837.5999755859375,838.0,836.5,837.5499877929688,80584
2026-05-20 14:15:00+05:30,836.0,836.0,837.9500122070312,836.0,837.75,52780
2026-05-20 14:30:00+05:30,838.5499877929688,838.5499877929688,839.6500244140625,836.2999877929688,836.4500122070312,75892
2026-05-20 14:45:00+05:30,838.2999877929688,838.2999877929688,839.2000122070312,836.75,838.5,127573
2026-05-20 15:00:00+05:30,838.2000122070312,838.2000122070312,839.1500244140625,836.0499877929688,837.4500122070312,259522
2026-05-20 15:15:00+05:30,839.1500244140625,839.1500244140625,839.9000244140625,838.0,838.25,341652
2026-05-21 09:15:00+05:30,840.5999755859375,840.5999755859375,844.0499877929688,838.2000122070312,843.5,55848
2026-05-21 09:30:00+05:30,838.5,838.5,841.5499877929688,838.2000122070312,840.5999755859375,46203
2026-05-21 09:45:00+05:30,834.75,834.75,838.2999877929688,834.25,838.2999877929688,54479
2026-05-21 10:00:00+05:30,834.0,834.0,834.9500122070312,833.0499877929688,834.5,35204
2026-05-21 10:15:00+05:30,834.25,834.25,834.5499877929688,832.7999877929688,834.2999877929688,30953
2026-05-21 10:30:00+05:30,832.5999755859375,832.5999755859375,834.6500244140625,831.5999755859375,834.5499877929688,34879
2026-05-21 10:45:00+05:30,832.9000244140625,832.9000244140625,834.5499877929688,832.3499755859375,832.4500122070312,28638
2026-05-21 11:00:00+05:30,833.0999755859375,833.0999755859375,834.4000244140625,832.3499755859375,832.9000244140625,29118
2026-05-21 11:15:00+05:30,833.1500244140625,833.1500244140625,833.6500244140625,831.4500122070312,833.0999755859375,28842
2026-05-21 11:30:00+05:30,832.75,832.75,833.7000122070312,832.25,833.0,37765
2026-05-21 11:45:00+05:30,831.9000244140625,831.9000244140625,833.5,831.5999755859375,833.0999755859375,21282
2026-05-21 12:00:00+05:30,834.0999755859375,834.0999755859375,834.4000244140625,832.0499877929688,832.0499877929688,33047
2026-05-21 12:15:00+05:30,832.0,832.0,834.0999755859375,831.9500122070312,833.7999877929688,23483
2026-05-21 12:30:00+05:30,832.5,832.5,833.0499877929688,831.75,832.0,32256
2026-05-21 12:45:00+05:30,831.0999755859375,831.0999755859375,833.4500122070312,830.3499755859375,832.5,43374
2026-05-21 13:00:00+05:30,830.9000244140625,830.9000244140625,831.6500244140625,830.1500244140625,831.25,44693
2026-05-21 13:15:00+05:30,830.4000244140625,830.4000244140625,831.5499877929688,830.2000122070312,831.2000122070312,20748
2026-05-21 13:30:00+05:30,832.4500122070312,832.4500122070312,832.7999877929688,830.2000122070312,830.4500122070312,25530
2026-05-21 13:45:00+05:30,832.2999877929688,832.2999877929688,833.0,831.1500244140625,832.4500122070312,25240
2026-05-21 14:00:00+05:30,831.8499755859375,831.8499755859375,832.9000244140625,830.7999877929688,832.2999877929688,36205
2026-05-21 14:15:00+05:30,830.9500122070312,830.9500122070312,832.0,830.7000122070312,831.8499755859375,30956
2026-05-21 14:30:00+05:30,831.3499755859375,831.3499755859375,832.4000244140625,830.75,830.9500122070312,45974
2026-05-21 14:45:00+05:30,832.9000244140625,832.9000244140625,833.0,830.5,831.2000122070312,74288
2026-05-21 15:00:00+05:30,831.2999877929688,831.2999877929688,833.0999755859375,830.7999877929688,832.7000122070312,211655
2026-05-21 15:15:00+05:30,830.0,830.0,833.9500122070312,830.0,831.3499755859375,192596
2026-05-22 09:15:00+05:30,834.5499877929688,834.5499877929688,837.9500122070312,831.8499755859375,831.8499755859375,25933
2026-05-22 09:30:00+05:30,831.5999755859375,831.5999755859375,835.5,830.4000244140625,834.3499755859375,30488
2026-05-22 09:45:00+05:30,833.1500244140625,833.1500244140625,833.1500244140625,829.4500122070312,831.5999755859375,23758
2026-05-22 10:00:00+05:30,833.25,833.25,833.4500122070312,832.25,833.4500122070312,12399
2026-05-22 10:15:00+05:30,830.8499755859375,830.8499755859375,833.8499755859375,830.6500244140625,833.25,32170
2026-05-22 10:30:00+05:30,830.75,830.75,831.5,830.6500244140625,830.8499755859375,5668
2026-05-22 10:45:00+05:30,830.5499877929688,830.5499877929688,831.0499877929688,829.8499755859375,830.75,15777
2026-05-22 11:00:00+05:30,830.4500122070312,830.4500122070312,830.7999877929688,829.5,830.5499877929688,11946
2026-05-22 11:15:00+05:30,828.7999877929688,828.7999877929688,830.9500122070312,828.2000122070312,830.4500122070312,32570
2026-05-22 11:30:00+05:30,829.5499877929688,829.5499877929688,830.0499877929688,828.1500244140625,828.7999877929688,19870
2026-05-22 11:45:00+05:30,831.2000122070312,831.2000122070312,831.4000244140625,830.0,830.0999755859375,9742
2026-05-22 12:00:00+05:30,832.2999877929688,832.2999877929688,834.9500122070312,831.2000122070312,831.2000122070312,16291
2026-05-22 12:15:00+05:30,831.6500244140625,831.6500244140625,832.4000244140625,830.7999877929688,832.2999877929688,8474
2026-05-22 12:30:00+05:30,831.2999877929688,831.2999877929688,831.8499755859375,830.0499877929688,831.8499755859375,22984
2026-05-22 12:45:00+05:30,832.5499877929688,832.5499877929688,833.0499877929688,831.4500122070312,831.4500122070312,12020
2026-05-22 13:00:00+05:30,832.0,832.0,833.5,831.9000244140625,832.5999755859375,9657
2026-05-22 13:15:00+05:30,832.5499877929688,832.5499877929688,833.5499877929688,832.0,832.0,16697
2026-05-22 13:30:00+05:30,831.2000122070312,831.2000122070312,833.4000244140625,830.8499755859375,832.5,18913
2026-05-22 13:45:00+05:30,830.4500122070312,830.4500122070312,832.5499877929688,829.0999755859375,831.2000122070312,43465
2026-05-22 14:00:00+05:30,828.6500244140625,828.6500244140625,830.4500122070312,828.4500122070312,830.3499755859375,45797
2026-05-22 14:15:00+05:30,826.3499755859375,826.3499755859375,828.7999877929688,826.2999877929688,828.6500244140625,38478
2026-05-22 14:30:00+05:30,826.0499877929688,826.0499877929688,827.0,825.3499755859375,826.0999755859375,42947
2026-05-22 14:45:00+05:30,825.5,825.5,826.5,824.0499877929688,826.0,82699
2026-05-22 15:00:00+05:30,824.1500244140625,824.1500244140625,825.6500244140625,823.0,825.5,196304
2026-05-22 15:15:00+05:30,824.9000244140625,824.9000244140625,825.4000244140625,823.5499877929688,823.9000244140625,200121
2026-05-25 09:15:00+05:30,820.0,820.0,830.6500244140625,819.1500244140625,830.6500244140625,108556
2026-05-25 09:30:00+05:30,812.9500122070312,812.9500122070312,820.0999755859375,812.0,820.0,71851
2026-05-25 09:45:00+05:30,814.3499755859375,814.3499755859375,815.5499877929688,813.2000122070312,814.0,70509
2026-05-25 10:00:00+05:30,816.2999877929688,816.2999877929688,818.0,814.3499755859375,814.3499755859375,31942
2026-05-25 10:15:00+05:30,815.25,815.25,817.6500244140625,815.0,816.0,17393
2026-05-25 10:30:00+05:30,816.2999877929688,816.2999877929688,817.0,815.0,815.2000122070312,20951
2026-05-25 10:45:00+05:30,817.0499877929688,817.0499877929688,817.8499755859375,815.4000244140625,816.1500244140625,45660
2026-05-25 11:00:00+05:30,817.9000244140625,817.9000244140625,818.0999755859375,815.5,817.0,39138
2026-05-25 11:15:00+05:30,816.5999755859375,816.5999755859375,818.0499877929688,816.0,817.75,24491
2026-05-25 11:30:00+05:30,817.2999877929688,817.2999877929688,817.4500122070312,816.0499877929688,816.4000244140625,21513
2026-05-25 11:45:00+05:30,817.5499877929688,817.5499877929688,818.0,816.2000122070312,817.0499877929688,28339
2026-05-25 12:00:00+05:30,817.0,817.0,819.4500122070312,816.5499877929688,817.7000122070312,22357
2026-05-25 12:15:00+05:30,817.0499877929688,817.0499877929688,818.25,816.5499877929688,817.0,13727
2026-05-25 12:30:00+05:30,818.75,818.75,818.8499755859375,817.0,817.4500122070312,41633
2026-05-25 12:45:00+05:30,819.3499755859375,819.3499755859375,819.75,818.0,818.6500244140625,99093
2026-05-25 13:00:00+05:30,821.2000122070312,821.2000122070312,821.5499877929688,819.0,819.3499755859375,22845
2026-05-25 13:15:00+05:30,822.7000122070312,822.7000122070312,823.5,820.8499755859375,821.2000122070312,26315
2026-05-25 13:30:00+05:30,821.5999755859375,821.5999755859375,822.8499755859375,820.6500244140625,822.7999877929688,43830
2026-05-25 13:45:00+05:30,821.7000122070312,821.7000122070312,822.5499877929688,821.3499755859375,821.3499755859375,22889
2026-05-25 14:00:00+05:30,821.2999877929688,821.2999877929688,822.0499877929688,820.5999755859375,821.5499877929688,18174
2026-05-25 14:15:00+05:30,823.2999877929688,823.2999877929688,823.2999877929688,820.9500122070312,820.9500122070312,23585
2026-05-25 14:30:00+05:30,821.9000244140625,821.9000244140625,823.6500244140625,821.9000244140625,823.0499877929688,27318
2026-05-25 14:45:00+05:30,822.6500244140625,822.6500244140625,822.9000244140625,820.9500122070312,822.2999877929688,31607
2026-05-25 15:00:00+05:30,823.0999755859375,823.0999755859375,823.2000122070312,822.0999755859375,822.5499877929688,98661
2026-05-25 15:15:00+05:30,823.3499755859375,823.3499755859375,825.2999877929688,821.5,823.0499877929688,78273
2026-05-26 09:15:00+05:30,823.2999877929688,823.2999877929688,824.7999877929688,821.4500122070312,823.2999877929688,32679
2026-05-26 09:30:00+05:30,821.9000244140625,821.9000244140625,823.5999755859375,821.2000122070312,823.2999877929688,40870
2026-05-26 09:45:00+05:30,826.1500244140625,826.1500244140625,827.2000122070312,821.75,821.9000244140625,36455
2026-05-26 10:00:00+05:30,826.7999877929688,826.7999877929688,828.5,825.2000122070312,826.7000122070312,51913
2026-05-26 10:15:00+05:30,827.2999877929688,827.2999877929688,827.5999755859375,825.4500122070312,826.7999877929688,50332
2026-05-26 10:30:00+05:30,826.7000122070312,826.7000122070312,827.9000244140625,826.6500244140625,827.2999877929688,43886
2026-05-26 10:45:00+05:30,827.5999755859375,827.5999755859375,828.0999755859375,826.4000244140625,826.75,36405
2026-05-26 11:00:00+05:30,828.2000122070312,828.2000122070312,829.9000244140625,827.3499755859375,827.6500244140625,36371
2026-05-26 11:15:00+05:30,827.7000122070312,827.7000122070312,829.3499755859375,827.5,828.25,57140
2026-05-26 11:30:00+05:30,828.7000122070312,828.7000122070312,830.0,827.7000122070312,827.7000122070312,40604
2026-05-26 11:45:00+05:30,826.9000244140625,826.9000244140625,829.1500244140625,826.0,828.75,47060
2026-05-26 12:00:00+05:30,829.9500122070312,829.9500122070312,829.9500122070312,825.0,827.0999755859375,95839
2026-05-26 12:15:00+05:30,828.7000122070312,828.7000122070312,830.0,828.0499877929688,829.9500122070312,57795
2026-05-26 12:30:00+05:30,828.25,828.25,829.9000244140625,828.25,828.8499755859375,59996
2026-05-26 12:45:00+05:30,828.9000244140625,828.9000244140625,829.25,827.5999755859375,828.5999755859375,66569
2026-05-26 13:00:00+05:30,827.9500122070312,827.9500122070312,829.0499877929688,827.5499877929688,829.0,65012
2026-05-26 13:15:00+05:30,828.5,828.5,829.0499877929688,828.0,828.0499877929688,27271
2026-05-26 13:30:00+05:30,828.75,828.75,829.9500122070312,828.4000244140625,828.5,66385
2026-05-26 13:45:00+05:30,829.7000122070312,829.7000122070312,829.9500122070312,828.1500244140625,828.75,60468
2026-05-26 14:00:00+05:30,829.8499755859375,829.8499755859375,830.0,828.7000122070312,829.9000244140625,55832
2026-05-26 14:15:00+05:30,830.0,830.0,832.5999755859375,828.75,830.0,101656
2026-05-26 14:30:00+05:30,828.0499877929688,828.0499877929688,831.0,826.8499755859375,830.0,89062
2026-05-26 14:45:00+05:30,828.1500244140625,828.1500244140625,829.4000244140625,827.2000122070312,828.2999877929688,71451
2026-05-26 15:00:00+05:30,829.5499877929688,829.5499877929688,830.2999877929688,827.2000122070312,828.2999877929688,142599
2026-05-26 15:15:00+05:30,826.6500244140625,826.6500244140625,835.0,826.2000122070312,829.5999755859375,625562
2026-05-27 09:15:00+05:30,838.0,838.0,839.4000244140625,830.0,835.0,77092
2026-05-27 09:30:00+05:30,840.4000244140625,840.4000244140625,843.9500122070312,837.0499877929688,837.2999877929688,79559
2026-05-27 09:45:00+05:30,841.3499755859375,841.3499755859375,841.5999755859375,838.4000244140625,840.4000244140625,35107
2026-05-27 10:00:00+05:30,843.4500122070312,843.4500122070312,844.9500122070312,841.0,841.3499755859375,58434
2026-05-27 10:15:00+05:30,841.1500244140625,841.1500244140625,843.9500122070312,840.0999755859375,843.2000122070312,69383
2026-05-27 10:30:00+05:30,840.9000244140625,840.9000244140625,841.5999755859375,840.0,840.9500122070312,29828
2026-05-27 10:45:00+05:30,837.9000244140625,837.9000244140625,841.4500122070312,837.2999877929688,840.75,33124
2026-05-27 11:00:00+05:30,837.7000122070312,837.7000122070312,839.0,837.2999877929688,837.4500122070312,18239
2026-05-27 11:15:00+05:30,838.2999877929688,838.2999877929688,840.0,837.4000244140625,837.4500122070312,25137
2026-05-27 11:30:00+05:30,838.0,838.0,838.7999877929688,836.7999877929688,838.2000122070312,20765
2026-05-27 11:45:00+05:30,835.6500244140625,835.6500244140625,838.0999755859375,835.1500244140625,837.7000122070312,22479
2026-05-27 12:00:00+05:30,835.1500244140625,835.1500244140625,836.6500244140625,834.5999755859375,835.5999755859375,17936
2026-05-27 12:15:00+05:30,833.4000244140625,833.4000244140625,835.5499877929688,833.3499755859375,835.1500244140625,13537
2026-05-27 12:30:00+05:30,835.75,835.75,836.0999755859375,833.2999877929688,833.4000244140625,11759
2026-05-27 12:45:00+05:30,836.1500244140625,836.1500244140625,836.9000244140625,834.0,835.4500122070312,35331
2026-05-27 13:00:00+05:30,835.5499877929688,835.5499877929688,836.7000122070312,834.9000244140625,836.0499877929688,11776
2026-05-27 13:15:00+05:30,835.4000244140625,835.4000244140625,835.7999877929688,834.4500122070312,835.5499877929688,18479
2026-05-27 13:30:00+05:30,836.3499755859375,836.3499755859375,837.7999877929688,835.1500244140625,835.4000244140625,30793
2026-05-27 13:45:00+05:30,836.7000122070312,836.7000122070312,837.2000122070312,836.3499755859375,836.3499755859375,14656
2026-05-27 14:00:00+05:30,834.2999877929688,834.2999877929688,836.9500122070312,834.0,836.7000122070312,32209
2026-05-27 14:15:00+05:30,833.9500122070312,833.9500122070312,835.1500244140625,833.5,834.2999877929688,25361
2026-05-27 14:30:00+05:30,833.7999877929688,833.7999877929688,834.5999755859375,833.0499877929688,834.2000122070312,36102
2026-05-27 14:45:00+05:30,833.9500122070312,833.9500122070312,835.25,832.75,833.5999755859375,52127
2026-05-27 15:00:00+05:30,832.9000244140625,832.9000244140625,834.9500122070312,832.9000244140625,833.9500122070312,80545
2026-05-27 15:15:00+05:30,833.7999877929688,833.7999877929688,836.0,832.8499755859375,832.8499755859375,85083
2026-05-29 09:15:00+05:30,836.8499755859375,836.8499755859375,841.0,834.0,837.9500122070312,194293
2026-05-29 09:30:00+05:30,833.2000122070312,833.2000122070312,837.4500122070312,833.0999755859375,836.2999877929688,200503
2026-05-29 09:45:00+05:30,833.9000244140625,833.9000244140625,836.0,831.3499755859375,833.0499877929688,143722
2026-05-29 10:00:00+05:30,834.75,834.75,836.5,833.6500244140625,833.6500244140625,113304
2026-05-29 10:15:00+05:30,831.5,831.5,836.0,831.2000122070312,834.9000244140625,102627
2026-05-29 10:30:00+05:30,835.6500244140625,835.6500244140625,837.3499755859375,831.0,831.6500244140625,71958
2026-05-29 10:45:00+05:30,834.1500244140625,834.1500244140625,835.9500122070312,833.1500244140625,835.4500122070312,54605
2026-05-29 11:00:00+05:30,835.0999755859375,835.0999755859375,836.9000244140625,833.7999877929688,834.2000122070312,91525
2026-05-29 11:15:00+05:30,834.6500244140625,834.6500244140625,837.0999755859375,834.5,835.0499877929688,105821
2026-05-29 11:30:00+05:30,834.6500244140625,834.6500244140625,835.0499877929688,832.5,834.5999755859375,76070
2026-05-29 11:45:00+05:30,834.7000122070312,834.7000122070312,836.5999755859375,833.6500244140625,834.6500244140625,95402
2026-05-29 12:00:00+05:30,835.5999755859375,835.5999755859375,836.0499877929688,834.1500244140625,834.4500122070312,64954
2026-05-29 12:15:00+05:30,834.1500244140625,834.1500244140625,836.0,833.9000244140625,835.8499755859375,81673
2026-05-29 12:30:00+05:30,835.0,835.0,835.25,833.5499877929688,834.3499755859375,74164
2026-05-29 12:45:00+05:30,834.0999755859375,834.0999755859375,835.0999755859375,833.75,834.75,79865
2026-05-29 13:00:00+05:30,829.0,829.0,834.0499877929688,828.2000122070312,834.0499877929688,317491
2026-05-29 13:15:00+05:30,833.0999755859375,833.0999755859375,833.9500122070312,828.0,829.0,215391
2026-05-29 13:30:00+05:30,834.5,834.5,835.25,832.75,833.0499877929688,223832
2026-05-29 13:45:00+05:30,834.9500122070312,834.9500122070312,836.3499755859375,834.25,834.5,156053
2026-05-29 14:00:00+05:30,834.75,834.75,835.3499755859375,833.75,835.0999755859375,143649
2026-05-29 14:15:00+05:30,835.4500122070312,835.4500122070312,835.5,833.8499755859375,834.75,146633
2026-05-29 14:30:00+05:30,835.2000122070312,835.2000122070312,836.6500244140625,834.25,835.4500122070312,249425
2026-05-29 14:45:00+05:30,832.8499755859375,832.8499755859375,835.4000244140625,831.5999755859375,835.2000122070312,202490
2026-05-29 15:00:00+05:30,821.75,821.75,832.25,820.0999755859375,832.25,2103910
2026-05-29 15:15:00+05:30,823.0,823.0,824.6500244140625,817.9000244140625,821.75,1713368
2026-06-01 09:15:00+05:30,812.5,812.5,821.0,812.0499877929688,812.0499877929688,23171
2026-06-01 09:30:00+05:30,815.0999755859375,815.0999755859375,816.2000122070312,811.2999877929688,813.0,29229
2026-06-01 09:45:00+05:30,812.8499755859375,812.8499755859375,815.3499755859375,812.4000244140625,814.9000244140625,12353
2026-06-01 10:00:00+05:30,811.5999755859375,811.5999755859375,813.25,807.5,812.7999877929688,37054
2026-06-01 10:15:00+05:30,808.75,808.75,812.4500122070312,808.7000122070312,811.5999755859375,21652
2026-06-01 10:30:00+05:30,808.4000244140625,808.4000244140625,809.8499755859375,807.7999877929688,808.7000122070312,20397
2026-06-01 10:45:00+05:30,810.7999877929688,810.7999877929688,812.7000122070312,808.2000122070312,808.2000122070312,18268
2026-06-01 11:00:00+05:30,809.5499877929688,809.5499877929688,811.3499755859375,808.7000122070312,810.6500244140625,14764
2026-06-01 11:15:00+05:30,807.2999877929688,807.2999877929688,810.0,807.25,810.0,23986
2026-06-01 11:30:00+05:30,804.0999755859375,804.0999755859375,807.5499877929688,803.4500122070312,807.2999877929688,23685
2026-06-01 11:45:00+05:30,804.7999877929688,804.7999877929688,805.8499755859375,803.7000122070312,804.2000122070312,18061
2026-06-01 12:00:00+05:30,804.9000244140625,804.9000244140625,805.7000122070312,803.0999755859375,804.3499755859375,25083
2026-06-01 12:15:00+05:30,810.25,810.25,811.2000122070312,804.2999877929688,804.8499755859375,96936
2026-06-01 12:30:00+05:30,810.5,810.5,811.0,805.7999877929688,810.25,64174
2026-06-01 12:45:00+05:30,811.0499877929688,811.0499877929688,811.7999877929688,810.8499755859375,810.9000244140625,15094
2026-06-01 13:00:00+05:30,811.0999755859375,811.0999755859375,812.2999877929688,809.8499755859375,811.0,85829
2026-06-01 13:15:00+05:30,811.7000122070312,811.7000122070312,811.75,810.3499755859375,811.0999755859375,12110
2026-06-01 13:30:00+05:30,810.0499877929688,810.0499877929688,811.7000122070312,809.2000122070312,811.4500122070312,42824
2026-06-01 13:45:00+05:30,808.9000244140625,808.9000244140625,810.4000244140625,808.7000122070312,810.0,19176
2026-06-01 14:00:00+05:30,807.4500122070312,807.4500122070312,809.4500122070312,807.4500122070312,809.4500122070312,17774
2026-06-01 14:15:00+05:30,807.75,807.75,810.2000122070312,807.1500244140625,807.5,22530
2026-06-01 14:30:00+05:30,808.25,808.25,809.0,807.25,807.75,21569
2026-06-01 14:45:00+05:30,808.0999755859375,808.0999755859375,810.4500122070312,806.5499877929688,808.25,30790
2026-06-01 15:00:00+05:30,805.0999755859375,805.0999755859375,808.2999877929688,804.4500122070312,807.2999877929688,265880
2026-06-01 15:15:00+05:30,803.0,803.0,806.4500122070312,803.0,805.4000244140625,222389
2026-06-02 09:15:00+05:30,799.4500122070312,799.4500122070312,803.3499755859375,796.8499755859375,796.8499755859375,22058
2026-06-02 09:30:00+05:30,798.1500244140625,798.1500244140625,800.4000244140625,796.4000244140625,799.8499755859375,43743
2026-06-02 09:45:00+05:30,797.2000122070312,797.2000122070312,798.5,795.5,797.5,60935
2026-06-02 10:00:00+05:30,800.75,800.75,801.8499755859375,797.5499877929688,797.7000122070312,18220
2026-06-02 10:15:00+05:30,802.1500244140625,802.1500244140625,804.1500244140625,799.1500244140625,800.75,33520
2026-06-02 10:30:00+05:30,800.9500122070312,800.9500122070312,806.2000122070312,800.7999877929688,802.0499877929688,236311
2026-06-02 10:45:00+05:30,800.0999755859375,800.0999755859375,802.2999877929688,798.5,800.6500244140625,31150
2026-06-02 11:00:00+05:30,801.9000244140625,801.9000244140625,802.3499755859375,799.9500122070312,800.2000122070312,11392
2026-06-02 11:15:00+05:30,804.0999755859375,804.0999755859375,806.5999755859375,801.9000244140625,802.0499877929688,18718
2026-06-02 11:30:00+05:30,802.6500244140625,802.6500244140625,804.3499755859375,802.25,804.0999755859375,15750
2026-06-02 11:45:00+05:30,800.3499755859375,800.3499755859375,803.0499877929688,800.3499755859375,802.6500244140625,12944
2026-06-02 12:00:00+05:30,800.8499755859375,800.8499755859375,801.4500122070312,799.5999755859375,800.1500244140625,412342
2026-06-02 12:15:00+05:30,801.7999877929688,801.7999877929688,802.5999755859375,800.4000244140625,801.0,12203
2026-06-02 12:30:00+05:30,803.7999877929688,803.7999877929688,804.0499877929688,801.2000122070312,801.7999877929688,9427
2026-06-02 12:45:00+05:30,805.6500244140625,805.6500244140625,805.9000244140625,803.4500122070312,803.6500244140625,19527
2026-06-02 13:00:00+05:30,805.7999877929688,805.7999877929688,806.75,805.0,805.75,16031
2026-06-02 13:15:00+05:30,807.6500244140625,807.6500244140625,808.8499755859375,805.75,805.75,24585
2026-06-02 13:30:00+05:30,807.7000122070312,807.7000122070312,808.2000122070312,807.25,807.9500122070312,9946
2026-06-02 13:45:00+05:30,808.5,808.5,808.75,807.5499877929688,807.7999877929688,12278
2026-06-02 14:00:00+05:30,809.8499755859375,809.8499755859375,811.0,808.2999877929688,808.5,14624
2026-06-02 14:15:00+05:30,810.0499877929688,810.0499877929688,810.4000244140625,808.2000122070312,809.9500122070312,21117
2026-06-02 14:30:00+05:30,810.0,810.0,810.9500122070312,809.2999877929688,810.0999755859375,38056
2026-06-02 14:45:00+05:30,810.5,810.5,812.2999877929688,809.25,809.9000244140625,43864
2026-06-02 15:00:00+05:30,810.9000244140625,810.9000244140625,811.9000244140625,809.4500122070312,810.0499877929688,88434
2026-06-02 15:15:00+05:30,810.9500122070312,810.9500122070312,812.25,810.0,810.8499755859375,175093
2026-06-03 09:15:00+05:30,804.7000122070312,804.7000122070312,810.25,804.6500244140625,806.7999877929688,35308
2026-06-03 09:30:00+05:30,806.2999877929688,806.2999877929688,807.5499877929688,803.0499877929688,804.9500122070312,63337
2026-06-03 09:45:00+05:30,803.0,803.0,807.5499877929688,801.5499877929688,806.3499755859375,20045
2026-06-03 10:00:00+05:30,805.9000244140625,805.9000244140625,806.9500122070312,803.0,803.4500122070312,20231
2026-06-03 10:15:00+05:30,806.4500122070312,806.4500122070312,809.0,805.4000244140625,805.9000244140625,46616
2026-06-03 10:30:00+05:30,808.5999755859375,808.5999755859375,809.4000244140625,806.5,806.5,8845
2026-06-03 10:45:00+05:30,810.9500122070312,810.9500122070312,810.9500122070312,807.2000122070312,808.5999755859375,14373
2026-06-03 11:00:00+05:30,810.2999877929688,810.2999877929688,812.0,809.2000122070312,810.9500122070312,52410
2026-06-03 11:15:00+05:30,810.4000244140625,810.4000244140625,811.7999877929688,810.2999877929688,810.2999877929688,10028
2026-06-03 11:30:00+05:30,810.25,810.25,811.2999877929688,809.2000122070312,810.4000244140625,35105
2026-06-03 11:45:00+05:30,809.8499755859375,809.8499755859375,810.5999755859375,808.4000244140625,810.0999755859375,58136
2026-06-03 12:00:00+05:30,809.2000122070312,809.2000122070312,810.75,808.5999755859375,809.8499755859375,77793
2026-06-03 12:15:00+05:30,811.0499877929688,811.0499877929688,811.2999877929688,809.0499877929688,809.2000122070312,30251
2026-06-03 12:30:00+05:30,812.6500244140625,812.6500244140625,814.0,811.0999755859375,811.0999755859375,17715
2026-06-03 12:45:00+05:30,809.7000122070312,809.7000122070312,813.0499877929688,809.6500244140625,813.0499877929688,103947
2026-06-03 13:00:00+05:30,811.0999755859375,811.0999755859375,811.3499755859375,809.6500244140625,809.7999877929688,48107
2026-06-03 13:15:00+05:30,811.5,811.5,812.4500122070312,811.25,811.8499755859375,10533
2026-06-03 13:30:00+05:30,811.0499877929688,811.0499877929688,811.7999877929688,811.0,811.7000122070312,10620
2026-06-03 13:45:00+05:30,812.0999755859375,812.0999755859375,813.0999755859375,811.0,811.0499877929688,18554
2026-06-03 14:00:00+05:30,812.7000122070312,812.7000122070312,813.4000244140625,812.0999755859375,812.25,14556
2026-06-03 14:15:00+05:30,813.8499755859375,813.8499755859375,814.5,812.0999755859375,812.5999755859375,20475
2026-06-03 14:30:00+05:30,812.7999877929688,812.7999877929688,814.0,812.3499755859375,813.8499755859375,26227
2026-06-03 14:45:00+05:30,812.2000122070312,812.2000122070312,813.4000244140625,811.7000122070312,812.75,25189
2026-06-03 15:00:00+05:30,809.9500122070312,809.9500122070312,814.0499877929688,809.7999877929688,812.2000122070312,141971
2026-06-03 15:15:00+05:30,808.1500244140625,808.1500244140625,811.5499877929688,808.1500244140625,809.75,155912
2026-06-04 09:15:00+05:30,816.4000244140625,816.4000244140625,817.5,806.3499755859375,810.75,25517
2026-06-04 09:30:00+05:30,819.0,819.0,819.4000244140625,815.4000244140625,816.0499877929688,35507
2026-06-04 09:45:00+05:30,821.0,821.0,823.1500244140625,819.0,819.2999877929688,43620
2026-06-04 10:00:00+05:30,822.75,822.75,823.5999755859375,821.0999755859375,821.0999755859375,26281
2026-06-04 10:15:00+05:30,822.5999755859375,822.5999755859375,824.0499877929688,822.1500244140625,822.75,31009
2026-06-04 10:30:00+05:30,824.6500244140625,824.6500244140625,824.9000244140625,821.25,822.5999755859375,25089
2026-06-04 10:45:00+05:30,822.2999877929688,822.2999877929688,824.75,822.0,824.5,25213
2026-06-04 11:00:00+05:30,822.0999755859375,822.0999755859375,822.2999877929688,820.0999755859375,822.0499877929688,25396
2026-06-04 11:15:00+05:30,824.0999755859375,824.0999755859375,824.1500244140625,821.7999877929688,822.0,18746
2026-06-04 11:30:00+05:30,821.7000122070312,821.7000122070312,823.9000244140625,821.5,823.9000244140625,30431
2026-06-04 11:45:00+05:30,822.0,822.0,822.2000122070312,821.0999755859375,821.7000122070312,12358
2026-06-04 12:00:00+05:30,822.75,822.75,823.75,821.75,821.75,22368
2026-06-04 12:15:00+05:30,824.4500122070312,824.4500122070312,826.5499877929688,822.5999755859375,822.5999755859375,49892
2026-06-04 12:30:00+05:30,824.0499877929688,824.0499877929688,824.5999755859375,821.0999755859375,824.4500122070312,70482
2026-06-04 12:45:00+05:30,822.2000122070312,822.2000122070312,824.25,822.0,823.7999877929688,122795
2026-06-04 13:00:00+05:30,820.25,820.25,823.5499877929688,820.2000122070312,822.2000122070312,132841
2026-06-04 13:15:00+05:30,821.7000122070312,821.7000122070312,822.7999877929688,818.9000244140625,820.0,259423
2026-06-04 13:30:00+05:30,820.7000122070312,820.7000122070312,822.5,819.9500122070312,821.25,129991
2026-06-04 13:45:00+05:30,820.0,820.0,821.2000122070312,819.75,820.5499877929688,66424
2026-06-04 14:00:00+05:30,819.6500244140625,819.6500244140625,820.0,817.5999755859375,820.0,268591
2026-06-04 14:15:00+05:30,817.5999755859375,817.5999755859375,819.5499877929688,817.3499755859375,819.3499755859375,126991
2026-06-04 14:30:00+05:30,819.1500244140625,819.1500244140625,819.5,817.0499877929688,817.4000244140625,33102
2026-06-04 14:45:00+05:30,815.5999755859375,815.5999755859375,819.9500122070312,815.2999877929688,819.0,61087
2026-06-04 15:00:00+05:30,816.5499877929688,816.5499877929688,816.5999755859375,815.25,815.6500244140625,89962
2026-06-04 15:15:00+05:30,816.8499755859375,816.8499755859375,820.0,816.1500244140625,816.5499877929688,148217
2026-06-05 09:15:00+05:30,816.2999877929688,816.2999877929688,823.25,815.4000244140625,820.0499877929688,36412
2026-06-05 09:30:00+05:30,816.9500122070312,816.9500122070312,817.25,815.2000122070312,816.2999877929688,16165
2026-06-05 09:45:00+05:30,816.7999877929688,816.7999877929688,817.25,814.9500122070312,816.9500122070312,19929
2026-06-05 10:00:00+05:30,820.2999877929688,820.2999877929688,821.9000244140625,816.5499877929688,817.0999755859375,32713
2026-06-05 10:15:00+05:30,817.9000244140625,817.9000244140625,821.4500122070312,816.5999755859375,820.0499877929688,39248
2026-06-05 10:30:00+05:30,816.5,816.5,818.0499877929688,815.8499755859375,817.9500122070312,30563
2026-06-05 10:45:00+05:30,818.0,818.0,818.5,815.7000122070312,816.5,19487
2026-06-05 11:00:00+05:30,815.8499755859375,815.8499755859375,819.7000122070312,815.5999755859375,818.0499877929688,23063
2026-06-05 11:15:00+05:30,815.1500244140625,815.1500244140625,816.7000122070312,814.25,816.25,21541
2026-06-05 11:30:00+05:30,814.7999877929688,814.7999877929688,816.1500244140625,814.0,815.5999755859375,42409
2026-06-05 11:45:00+05:30,816.0,816.0,816.4000244140625,814.6500244140625,814.6500244140625,28859
2026-06-05 12:00:00+05:30,814.0999755859375,814.0999755859375,815.6500244140625,812.4000244140625,815.6500244140625,17264
2026-06-05 12:15:00+05:30,815.4500122070312,815.4500122070312,815.9500122070312,813.0999755859375,814.0999755859375,41823
2026-06-05 12:30:00+05:30,813.2000122070312,813.2000122070312,815.6500244140625,812.2999877929688,815.4000244140625,57549
2026-06-05 12:45:00+05:30,811.1500244140625,811.1500244140625,813.2999877929688,810.4000244140625,813.2999877929688,38618
2026-06-05 13:00:00+05:30,811.75,811.75,811.9000244140625,810.25,810.75,34969
2026-06-05 13:15:00+05:30,809.6500244140625,809.6500244140625,812.6500244140625,809.0499877929688,811.75,132305
2026-06-05 13:30:00+05:30,808.5499877929688,808.5499877929688,810.6500244140625,807.5999755859375,808.5,49661
2026-06-05 13:45:00+05:30,811.4000244140625,811.4000244140625,811.4500122070312,808.0,808.5499877929688,757172
2026-06-05 14:00:00+05:30,810.0,810.0,811.7000122070312,810.0,811.4000244140625,18697
2026-06-05 14:15:00+05:30,811.6500244140625,811.6500244140625,812.0,810.0,810.1500244140625,19540
2026-06-05 14:30:00+05:30,812.0499877929688,812.0499877929688,812.25,809.4500122070312,811.6500244140625,30698
2026-06-05 14:45:00+05:30,810.5499877929688,810.5499877929688,812.3499755859375,810.0499877929688,812.0499877929688,24132
2026-06-05 15:00:00+05:30,810.6500244140625,810.6500244140625,811.5,810.0499877929688,811.1500244140625,111266
2026-06-05 15:15:00+05:30,810.7999877929688,810.7999877929688,811.4500122070312,809.1500244140625,810.5999755859375,129512
2026-06-08 09:15:00+05:30,807.0,807.0,807.9500122070312,800.2999877929688,805.75,29342
2026-06-08 09:30:00+05:30,806.9500122070312,806.9500122070312,808.0,805.3499755859375,806.7000122070312,11054
2026-06-08 09:45:00+05:30,806.4500122070312,806.4500122070312,808.0,804.4500122070312,807.0,5711
2026-06-08 10:00:00+05:30,804.9000244140625,804.9000244140625,806.8499755859375,804.4000244140625,806.8499755859375,7567
2026-06-08 10:15:00+05:30,803.2000122070312,803.2000122070312,804.9000244140625,802.75,804.5999755859375,5044
2026-06-08 10:30:00+05:30,805.2999877929688,805.2999877929688,807.0,802.75,803.5,54174
2026-06-08 10:45:00+05:30,805.2000122070312,805.2000122070312,805.5,803.0,805.0,16275
2026-06-08 11:00:00+05:30,806.5999755859375,806.5999755859375,806.7999877929688,804.2999877929688,805.2999877929688,105513
2026-06-08 11:15:00+05:30,807.0499877929688,807.0499877929688,809.3499755859375,806.2000122070312,806.9500122070312,54854
2026-06-08 11:30:00+05:30,807.5499877929688,807.5499877929688,808.4500122070312,806.75,807.6500244140625,26756
2026-06-08 11:45:00+05:30,808.1500244140625,808.1500244140625,809.6500244140625,807.0,807.0999755859375,30834
2026-06-08 12:00:00+05:30,809.0,809.0,809.9000244140625,807.7999877929688,808.0999755859375,24489
2026-06-08 12:15:00+05:30,809.2000122070312,809.2000122070312,809.25,808.8499755859375,809.0,8160
2026-06-08 12:30:00+05:30,811.0499877929688,811.0499877929688,811.2000122070312,809.25,809.25,11845
2026-06-08 12:45:00+05:30,810.75,810.75,811.5999755859375,810.2999877929688,810.75,6473
2026-06-08 13:00:00+05:30,810.7999877929688,810.7999877929688,811.4000244140625,810.7000122070312,810.75,6305
2026-06-08 13:15:00+05:30,811.0999755859375,811.0999755859375,811.4500122070312,810.5,811.2999877929688,12894
2026-06-08 13:30:00+05:30,811.0499877929688,811.0499877929688,811.75,809.2999877929688,811.0999755859375,42696
2026-06-08 13:45:00+05:30,812.0,812.0,812.0,810.5999755859375,810.7999877929688,19480
2026-06-08 14:00:00+05:30,810.0499877929688,810.0499877929688,813.3499755859375,809.0,812.0,79487
2026-06-08 14:15:00+05:30,810.0,810.0,810.75,808.1500244140625,810.3499755859375,61329
2026-06-08 14:30:00+05:30,811.0,811.0,811.8499755859375,809.25,810.2999877929688,76306
2026-06-08 14:45:00+05:30,810.4000244140625,810.4000244140625,811.5499877929688,810.0,811.25,14954
2026-06-08 15:00:00+05:30,808.3499755859375,808.3499755859375,810.4500122070312,806.7000122070312,810.25,694410
2026-06-08 15:15:00+05:30,803.6500244140625,803.6500244140625,808.5499877929688,802.0999755859375,808.3499755859375,128019
2026-06-09 09:15:00+05:30,807.0,807.0,813.0,807.0,811.2000122070312,67009
2026-06-09 09:30:00+05:30,805.0,805.0,808.7999877929688,805.0,807.0999755859375,124581
2026-06-09 09:45:00+05:30,806.0,806.0,807.4500122070312,804.8499755859375,804.8499755859375,38784
2026-06-09 10:00:00+05:30,807.7000122070312,807.7000122070312,808.4000244140625,805.6500244140625,805.75,23178
2026-06-09 10:15:00+05:30,807.7000122070312,807.7000122070312,810.0,806.5999755859375,807.7000122070312,38399
2026-06-09 10:30:00+05:30,808.0,808.0,808.1500244140625,807.1500244140625,808.0,13887
2026-06-09 10:45:00+05:30,808.5499877929688,808.5499877929688,808.9000244140625,806.3499755859375,807.9000244140625,19988
2026-06-09 11:00:00+05:30,807.75,807.75,809.25,807.5,808.5499877929688,13553
2026-06-09 11:15:00+05:30,807.4000244140625,807.4000244140625,807.9500122070312,807.0,807.7999877929688,11191
2026-06-09 11:30:00+05:30,807.4500122070312,807.4500122070312,808.0,806.0,807.4000244140625,15682
2026-06-09 11:45:00+05:30,808.1500244140625,808.1500244140625,808.5,807.4500122070312,807.5,18297
2026-06-09 12:00:00+05:30,808.0999755859375,808.0999755859375,809.0499877929688,807.75,808.0,22572
2026-06-09 12:15:00+05:30,808.2000122070312,808.2000122070312,808.5499877929688,807.5999755859375,808.0499877929688,14242
2026-06-09 12:30:00+05:30,808.9000244140625,808.9000244140625,809.7000122070312,807.5,808.0499877929688,20388
2026-06-09 12:45:00+05:30,808.0999755859375,808.0999755859375,808.9000244140625,807.6500244140625,808.7999877929688,23716
2026-06-09 13:00:00+05:30,806.0,806.0,808.5,805.4000244140625,808.0999755859375,19864
2026-06-09 13:15:00+05:30,807.5499877929688,807.5499877929688,807.7999877929688,805.9000244140625,805.9500122070312,23889
2026-06-09 13:30:00+05:30,807.5,807.5,808.7000122070312,807.25,807.5499877929688,23321
2026-06-09 13:45:00+05:30,807.7000122070312,807.7000122070312,807.7999877929688,805.5499877929688,807.5,20181
2026-06-09 14:00:00+05:30,808.1500244140625,808.1500244140625,808.5,806.5999755859375,807.7999877929688,34117
2026-06-09 14:15:00+05:30,808.25,808.25,808.7000122070312,807.9000244140625,808.0499877929688,23871
2026-06-09 14:30:00+05:30,811.6500244140625,811.6500244140625,812.1500244140625,807.4500122070312,808.25,50549
2026-06-09 14:45:00+05:30,813.5999755859375,813.5999755859375,814.0,811.0999755859375,811.9500122070312,50423
2026-06-09 15:00:00+05:30,814.25,814.25,814.6500244140625,811.0999755859375,812.4000244140625,139605
2026-06-09 15:15:00+05:30,813.2000122070312,813.2000122070312,814.2999877929688,812.1500244140625,814.2999877929688,110698
2026-06-10 09:15:00+05:30,827.5999755859375,827.5999755859375,827.9500122070312,813.7000122070312,813.7000122070312,63702
2026-06-10 09:30:00+05:30,831.5499877929688,831.5499877929688,831.5999755859375,826.5499877929688,828.5,145736
2026-06-10 09:45:00+05:30,832.4500122070312,832.4500122070312,832.9500122070312,830.0,831.5,120776
2026-06-10 10:00:00+05:30,828.5,828.5,832.5999755859375,828.0999755859375,832.4000244140625,98892
2026-06-10 10:15:00+05:30,826.7999877929688,826.7999877929688,829.2000122070312,826.5,828.1500244140625,62310
2026-06-10 10:30:00+05:30,827.3499755859375,827.3499755859375,827.75,825.8499755859375,826.7999877929688,37294
2026-06-10 10:45:00+05:30,824.75,824.75,827.3499755859375,824.2000122070312,827.25,50374
2026-06-10 11:00:00+05:30,826.7000122070312,826.7000122070312,827.0499877929688,822.9000244140625,825.0999755859375,57001
2026-06-10 11:15:00+05:30,826.5,826.5,826.75,825.4500122070312,826.75,27736
2026-06-10 11:30:00+05:30,826.7000122070312,826.7000122070312,827.4000244140625,825.6500244140625,826.5999755859375,27881
2026-06-10 11:45:00+05:30,825.6500244140625,825.6500244140625,826.6500244140625,825.0,826.6500244140625,45374
2026-06-10 12:00:00+05:30,822.7999877929688,822.7999877929688,825.7999877929688,820.9000244140625,825.7999877929688,166171
2026-06-10 12:15:00+05:30,823.8499755859375,823.8499755859375,825.7999877929688,823.0,823.25,179562
2026-06-10 12:30:00+05:30,822.5499877929688,822.5499877929688,824.4000244140625,821.5499877929688,823.8499755859375,166122
2026-06-10 12:45:00+05:30,822.0499877929688,822.0499877929688,823.5499877929688,821.3499755859375,822.9000244140625,36778
2026-06-10 13:00:00+05:30,825.0,825.0,825.9500122070312,822.0,822.0499877929688,45785
2026-06-10 13:15:00+05:30,823.3499755859375,823.3499755859375,825.0999755859375,822.7999877929688,825.0,38236
2026-06-10 13:30:00+05:30,821.8499755859375,821.8499755859375,823.6500244140625,821.7000122070312,823.3499755859375,102094
2026-06-10 13:45:00+05:30,822.7000122070312,822.7000122070312,822.75,821.0,821.8499755859375,78994
2026-06-10 14:00:00+05:30,822.9500122070312,822.9500122070312,824.2999877929688,822.5,822.7000122070312,37928
2026-06-10 14:15:00+05:30,822.9000244140625,822.9000244140625,823.7000122070312,822.2999877929688,822.9500122070312,29723
2026-06-10 14:30:00+05:30,823.1500244140625,823.1500244140625,823.7000122070312,822.2000122070312,822.9000244140625,109989
2026-06-10 14:45:00+05:30,822.6500244140625,822.6500244140625,823.9000244140625,821.25,823.3499755859375,157714
2026-06-10 15:00:00+05:30,818.7000122070312,818.7000122070312,822.3499755859375,818.3499755859375,822.0999755859375,219510
2026-06-10 15:15:00+05:30,819.9000244140625,819.9000244140625,822.0,817.7000122070312,818.8499755859375,212248
2026-06-11 09:15:00+05:30,822.6500244140625,822.6500244140625,822.75,817.25,819.9000244140625,26281
2026-06-11 09:30:00+05:30,819.5,819.5,822.2999877929688,818.6500244140625,822.1500244140625,41686
2026-06-11 09:45:00+05:30,819.9500122070312,819.9500122070312,820.7999877929688,816.25,818.25,39383
2026-06-11 10:00:00+05:30,821.4000244140625,821.4000244140625,822.5999755859375,818.1500244140625,819.9500122070312,88004
2026-06-11 10:15:00+05:30,819.2000122070312,819.2000122070312,822.0,818.4000244140625,821.5,71850
2026-06-11 10:30:00+05:30,818.5499877929688,818.5499877929688,819.5,818.25,819.0,24724
2026-06-11 10:45:00+05:30,818.5999755859375,818.5999755859375,819.6500244140625,818.0,818.5,22570
2026-06-11 11:00:00+05:30,817.4500122070312,817.4500122070312,819.4500122070312,816.8499755859375,818.7999877929688,32075
2026-06-11 11:15:00+05:30,816.5999755859375,816.5999755859375,817.9000244140625,815.5499877929688,817.4500122070312,34710
2026-06-11 11:30:00+05:30,815.4500122070312,815.4500122070312,817.1500244140625,813.5999755859375,816.2999877929688,35306
2026-06-11 11:45:00+05:30,817.6500244140625,817.6500244140625,818.2999877929688,814.2000122070312,815.0,91630
2026-06-11 12:00:00+05:30,814.5499877929688,814.5499877929688,817.9000244140625,812.4000244140625,817.1500244140625,157153
2026-06-11 12:15:00+05:30,814.25,814.25,815.9500122070312,812.4000244140625,814.5499877929688,186541
2026-06-11 12:30:00+05:30,812.25,812.25,814.9000244140625,811.5999755859375,814.2000122070312,229513
2026-06-11 12:45:00+05:30,810.0,810.0,813.7000122070312,809.25,812.2000122070312,108333
2026-06-11 13:00:00+05:30,808.4500122070312,808.4500122070312,810.0,808.4500122070312,809.75,94098
2026-06-11 13:15:00+05:30,808.25,808.25,808.7000122070312,807.5,808.4500122070312,33347
2026-06-11 13:30:00+05:30,808.7999877929688,808.7999877929688,809.7999877929688,808.4000244140625,808.4000244140625,23695
2026-06-11 13:45:00+05:30,809.4500122070312,809.4500122070312,809.7999877929688,808.5999755859375,809.1500244140625,34500
2026-06-11 14:00:00+05:30,809.4000244140625,809.4000244140625,809.5999755859375,808.2000122070312,809.4500122070312,44816
2026-06-11 14:15:00+05:30,809.6500244140625,809.6500244140625,810.3499755859375,809.1500244140625,809.2000122070312,46080
2026-06-11 14:30:00+05:30,809.0499877929688,809.0499877929688,810.4500122070312,809.0,809.5999755859375,43938
2026-06-11 14:45:00+05:30,809.6500244140625,809.6500244140625,810.9500122070312,808.2000122070312,809.0499877929688,236404
2026-06-11 15:00:00+05:30,810.3499755859375,810.3499755859375,810.8499755859375,808.7999877929688,809.8499755859375,233923
2026-06-11 15:15:00+05:30,810.7999877929688,810.7999877929688,814.5,810.4500122070312,810.9000244140625,181402
2026-06-12 09:15:00+05:30,809.5999755859375,809.5999755859375,816.9000244140625,809.4000244140625,815.8499755859375,36188
2026-06-12 09:30:00+05:30,809.2000122070312,809.2000122070312,812.0499877929688,808.5999755859375,809.5999755859375,62970
2026-06-12 09:45:00+05:30,810.0999755859375,810.0999755859375,812.0,809.1500244140625,809.2000122070312,47975
2026-06-12 10:00:00+05:30,810.1500244140625,810.1500244140625,811.3499755859375,809.75,810.0999755859375,25287
2026-06-12 10:15:00+05:30,810.75,810.75,811.2999877929688,809.0,810.2000122070312,28419
2026-06-12 10:30:00+05:30,810.3499755859375,810.3499755859375,810.75,810.0,810.6500244140625,18406
2026-06-12 10:45:00+05:30,811.5,811.5,812.0,810.0499877929688,810.2999877929688,26672
2026-06-12 11:00:00+05:30,813.5999755859375,813.5999755859375,814.0,811.1500244140625,811.5,23870
2026-06-12 11:15:00+05:30,812.5,812.5,813.7999877929688,811.5499877929688,813.5499877929688,28860
2026-06-12 11:30:00+05:30,816.0999755859375,816.0999755859375,817.5,812.75,812.75,75333
2026-06-12 11:45:00+05:30,815.6500244140625,815.6500244140625,816.5,815.4000244140625,816.1500244140625,31750
2026-06-12 12:00:00+05:30,815.9500122070312,815.9500122070312,816.5,815.4500122070312,815.7000122070312,26827
2026-06-12 12:15:00+05:30,817.4000244140625,817.4000244140625,817.4500122070312,815.75,815.9000244140625,31377
2026-06-12 12:30:00+05:30,816.25,816.25,817.4000244140625,816.0,817.4000244140625,32348
2026-06-12 12:45:00+05:30,815.75,815.75,816.4500122070312,815.5499877929688,816.2000122070312,27395
2026-06-12 13:00:00+05:30,816.2999877929688,816.2999877929688,817.3499755859375,815.75,815.7999877929688,39823
2026-06-12 13:15:00+05:30,817.1500244140625,817.1500244140625,817.2999877929688,815.1500244140625,816.2999877929688,32399
2026-06-12 13:30:00+05:30,818.4500122070312,818.4500122070312,820.0499877929688,817.7999877929688,817.9000244140625,40900
2026-06-12 13:45:00+05:30,818.75,818.75,820.3499755859375,818.3499755859375,818.3499755859375,30933
2026-06-12 14:00:00+05:30,818.8499755859375,818.8499755859375,819.5999755859375,818.0,818.7000122070312,33917
2026-06-12 14:15:00+05:30,817.9500122070312,817.9500122070312,819.0,816.6500244140625,818.7000122070312,54980
2026-06-12 14:30:00+05:30,820.0,820.0,820.0,817.2000122070312,817.75,60356
2026-06-12 14:45:00+05:30,818.5999755859375,818.5999755859375,820.0999755859375,816.5999755859375,820.0999755859375,77108
2026-06-12 15:00:00+05:30,818.6500244140625,818.6500244140625,821.8499755859375,818.0499877929688,818.25,145010
2026-06-12 15:15:00+05:30,817.0,817.0,818.9500122070312,816.7000122070312,818.75,110597
2026-06-15 09:15:00+05:30,816.7999877929688,816.7999877929688,826.2000122070312,816.3499755859375,826.2000122070312,32583
2026-06-15 09:30:00+05:30,812.7000122070312,812.7000122070312,817.25,812.2000122070312,816.7999877929688,60585
2026-06-15 09:45:00+05:30,811.7999877929688,811.7999877929688,812.9000244140625,810.7999877929688,812.6500244140625,38383
2026-06-15 10:00:00+05:30,809.9000244140625,809.9000244140625,812.5499877929688,809.9000244140625,812.0499877929688,38330
2026-06-15 10:15:00+05:30,812.3499755859375,812.3499755859375,814.4000244140625,810.0,810.0499877929688,50628
2026-06-15 10:30:00+05:30,814.2999877929688,814.2999877929688,814.7999877929688,812.5,812.75,52898
2026-06-15 10:45:00+05:30,815.4500122070312,815.4500122070312,816.5,814.25,814.2999877929688,47501
2026-06-15 11:00:00+05:30,815.4500122070312,815.4500122070312,816.25,814.6500244140625,815.5,51386
2026-06-15 11:15:00+05:30,815.8499755859375,815.8499755859375,816.2999877929688,814.9500122070312,815.5499877929688,85076
2026-06-15 11:30:00+05:30,815.2000122070312,815.2000122070312,815.9500122070312,815.0,815.6500244140625,40413
2026-06-15 11:45:00+05:30,813.4000244140625,813.4000244140625,815.9000244140625,813.0499877929688,815.0499877929688,43809
2026-06-15 12:00:00+05:30,811.0,811.0,813.5,810.6500244140625,813.4500122070312,366439
2026-06-15 12:15:00+05:30,810.25,810.25,812.3499755859375,810.0,811.0,75823
2026-06-15 12:30:00+05:30,810.4000244140625,810.4000244140625,810.7999877929688,809.5499877929688,810.25,52147
2026-06-15 12:45:00+05:30,810.8499755859375,810.8499755859375,811.0,809.7999877929688,810.75,54579
2026-06-15 13:00:00+05:30,810.3499755859375,810.3499755859375,811.9000244140625,809.9000244140625,810.7999877929688,67302
2026-06-15 13:15:00+05:30,810.2999877929688,810.2999877929688,810.5499877929688,809.7999877929688,810.5499877929688,77405
2026-06-15 13:30:00+05:30,810.2000122070312,810.2000122070312,810.5,809.9000244140625,810.0499877929688,48770
2026-06-15 13:45:00+05:30,812.0,812.0,812.25,809.9500122070312,810.2000122070312,61632
2026-06-15 14:00:00+05:30,810.6500244140625,810.6500244140625,812.3499755859375,810.0999755859375,812.0499877929688,48814
2026-06-15 14:15:00+05:30,811.5,811.5,811.5,810.0,810.75,54407
2026-06-15 14:30:00+05:30,810.75,810.75,812.2999877929688,810.6500244140625,811.5,62742
2026-06-15 14:45:00+05:30,811.2999877929688,811.2999877929688,811.9000244140625,810.5,810.5,103494
2026-06-15 15:00:00+05:30,808.6500244140625,808.6500244140625,811.5999755859375,808.0,811.25,164672
2026-06-15 15:15:00+05:30,809.6500244140625,809.6500244140625,810.0499877929688,807.9500122070312,808.6500244140625,134937
2026-06-16 09:15:00+05:30,814.1500244140625,814.1500244140625,817.9000244140625,810.0,810.0,25918
2026-06-16 09:30:00+05:30,813.5499877929688,813.5499877929688,815.5499877929688,813.2000122070312,814.1500244140625,18832
2026-06-16 09:45:00+05:30,815.0499877929688,815.0499877929688,815.5499877929688,812.8499755859375,813.5499877929688,18407
2026-06-16 10:00:00+05:30,814.9000244140625,814.9000244140625,817.8499755859375,814.3499755859375,815.1500244140625,22861
2026-06-16 10:15:00+05:30,816.9000244140625,816.9000244140625,817.3499755859375,814.0,814.75,27862
2026-06-16 10:30:00+05:30,816.5499877929688,816.5499877929688,818.25,815.5499877929688,816.7999877929688,39759
2026-06-16 10:45:00+05:30,816.25,816.25,816.9500122070312,815.2000122070312,816.4000244140625,24110
2026-06-16 11:00:00+05:30,816.9500122070312,816.9500122070312,816.9500122070312,814.5999755859375,816.25,14401
2026-06-16 11:15:00+05:30,815.5,815.5,817.9000244140625,815.0,817.0,24552
2026-06-16 11:30:00+05:30,815.0499877929688,815.0499877929688,816.1500244140625,814.9500122070312,815.5499877929688,19531
2026-06-16 11:45:00+05:30,814.1500244140625,814.1500244140625,815.5999755859375,813.2000122070312,814.9500122070312,135474
2026-06-16 12:00:00+05:30,812.6500244140625,812.6500244140625,814.2000122070312,812.3499755859375,813.8499755859375,31174
2026-06-16 12:15:00+05:30,812.5499877929688,812.5499877929688,812.9500122070312,811.3499755859375,812.5999755859375,16946
2026-06-16 12:30:00+05:30,810.5,810.5,812.6500244140625,810.0999755859375,812.5499877929688,99146
2026-06-16 12:45:00+05:30,808.4000244140625,808.4000244140625,810.5,808.0499877929688,810.4000244140625,46208
2026-06-16 13:00:00+05:30,807.0499877929688,807.0499877929688,808.2999877929688,806.5,808.0999755859375,42364
2026-06-16 13:15:00+05:30,807.3499755859375,807.3499755859375,808.0999755859375,806.75,806.7999877929688,63385
2026-06-16 13:30:00+05:30,808.25,808.25,808.7999877929688,807.0,807.2000122070312,94989
2026-06-16 13:45:00+05:30,807.0,807.0,808.4000244140625,806.8499755859375,807.75,69203
2026-06-16 14:00:00+05:30,807.5499877929688,807.5499877929688,807.9000244140625,806.8499755859375,807.0,72012
2026-06-16 14:15:00+05:30,807.7000122070312,807.7000122070312,808.7000122070312,807.2999877929688,807.7000122070312,36668
2026-06-16 14:30:00+05:30,808.4000244140625,808.4000244140625,809.8499755859375,807.7000122070312,807.7000122070312,187891
2026-06-16 14:45:00+05:30,808.0999755859375,808.0999755859375,808.7999877929688,807.5499877929688,808.3499755859375,79827
2026-06-16 15:00:00+05:30,808.2999877929688,808.2999877929688,808.4500122070312,807.5499877929688,808.2999877929688,158728
2026-06-16 15:15:00+05:30,811.0,811.0,811.7999877929688,807.9500122070312,808.4500122070312,150292
2026-06-17 09:15:00+05:30,809.4000244140625,809.4000244140625,809.75,805.2999877929688,809.25,22907
2026-06-17 09:30:00+05:30,808.3499755859375,808.3499755859375,810.0,807.0499877929688,809.9000244140625,35008
2026-06-17 09:45:00+05:30,810.0999755859375,810.0999755859375,810.25,808.0499877929688,808.3499755859375,25185
2026-06-17 10:00:00+05:30,809.9000244140625,809.9000244140625,810.75,809.0499877929688,810.0999755859375,16674
2026-06-17 10:15:00+05:30,809.8499755859375,809.8499755859375,810.7999877929688,809.7999877929688,810.1500244140625,16035
2026-06-17 10:30:00+05:30,808.2999877929688,808.2999877929688,810.1500244140625,807.7999877929688,809.5999755859375,18993
2026-06-17 10:45:00+05:30,806.0999755859375,806.0999755859375,810.3499755859375,806.0499877929688,808.3499755859375,65966
2026-06-17 11:00:00+05:30,802.0999755859375,802.0999755859375,806.7000122070312,802.0999755859375,806.0999755859375,57197
2026-06-17 11:15:00+05:30,803.0499877929688,803.0499877929688,804.0,802.1500244140625,802.1500244140625,38782
2026-06-17 11:30:00+05:30,803.0,803.0,804.5,802.5499877929688,803.0499877929688,15690
2026-06-17 11:45:00+05:30,801.25,801.25,803.0,800.5999755859375,803.0,87122
2026-06-17 12:00:00+05:30,800.0,800.0,801.5,799.5499877929688,801.0,42137
2026-06-17 12:15:00+05:30,798.75,798.75,800.4500122070312,798.5999755859375,800.0499877929688,28067
2026-06-17 12:30:00+05:30,799.4500122070312,799.4500122070312,800.4000244140625,798.9500122070312,799.0,41421
2026-06-17 12:45:00+05:30,797.6500244140625,797.6500244140625,799.5999755859375,797.0499877929688,799.2999877929688,74536
2026-06-17 13:00:00+05:30,798.0,798.0,799.3499755859375,796.5499877929688,797.25,139976
2026-06-17 13:15:00+05:30,796.6500244140625,796.6500244140625,799.5499877929688,796.25,798.0,109612
2026-06-17 13:30:00+05:30,797.4000244140625,797.4000244140625,798.7000122070312,796.2999877929688,796.75,88017
2026-06-17 13:45:00+05:30,797.0999755859375,797.0999755859375,798.7999877929688,796.7000122070312,797.4000244140625,53510
2026-06-17 14:00:00+05:30,798.1500244140625,798.1500244140625,798.5499877929688,796.4000244140625,796.9000244140625,87554
2026-06-17 14:15:00+05:30,800.2999877929688,800.2999877929688,802.25,797.1500244140625,798.1500244140625,164818
2026-06-17 14:30:00+05:30,801.4000244140625,801.4000244140625,803.0,798.0499877929688,800.0,271955
2026-06-17 14:45:00+05:30,802.9000244140625,802.9000244140625,803.1500244140625,800.9000244140625,801.3499755859375,67500
2026-06-17 15:00:00+05:30,803.9000244140625,803.9000244140625,805.4000244140625,803.3499755859375,803.3499755859375,133023
2026-06-17 15:15:00+05:30,805.8499755859375,805.8499755859375,806.8499755859375,803.9000244140625,803.9000244140625,187318
2026-06-18 09:15:00+05:30,823.7999877929688,823.7999877929688,825.75,814.0,814.0,236912
2026-06-18 09:30:00+05:30,827.5499877929688,827.5499877929688,829.4500122070312,823.2000122070312,823.5,221552
2026-06-18 09:45:00+05:30,827.0,827.0,831.0,825.7999877929688,827.9000244140625,278704
2026-06-18 10:00:00+05:30,827.5499877929688,827.5499877929688,828.7000122070312,824.25,827.0999755859375,135651
2026-06-18 10:15:00+05:30,825.3499755859375,825.3499755859375,827.7000122070312,825.2999877929688,827.3499755859375,138174
2026-06-18 10:30:00+05:30,824.0,824.0,826.4000244140625,823.3499755859375,825.3499755859375,91643
2026-06-18 10:45:00+05:30,825.0,825.0,825.2999877929688,822.7999877929688,824.0,167475
2026-06-18 11:00:00+05:30,829.8499755859375,829.8499755859375,830.5,824.5,825.0,352107
2026-06-18 11:15:00+05:30,830.9000244140625,830.9000244140625,830.9000244140625,826.75,829.7000122070312,149438
2026-06-18 11:30:00+05:30,828.0,828.0,831.0,828.0,830.9000244140625,128315
2026-06-18 11:45:00+05:30,824.7999877929688,824.7999877929688,828.2000122070312,824.4500122070312,828.0,280348
2026-06-18 12:00:00+05:30,824.0499877929688,824.0499877929688,826.1500244140625,823.25,824.9500122070312,128130
2026-06-18 12:15:00+05:30,824.7999877929688,824.7999877929688,824.7999877929688,823.7000122070312,824.1500244140625,42624
2026-06-18 12:30:00+05:30,824.0999755859375,824.0999755859375,824.7999877929688,823.9000244140625,824.5499877929688,32690
2026-06-18 12:45:00+05:30,824.25,824.25,824.7000122070312,823.5,824.0999755859375,40423
2026-06-18 13:00:00+05:30,821.3499755859375,821.3499755859375,824.25,821.2999877929688,824.25,39638
2026-06-18 13:15:00+05:30,820.5999755859375,820.5999755859375,821.9500122070312,820.3499755859375,821.3499755859375,57237
2026-06-18 13:30:00+05:30,819.5,819.5,821.5999755859375,819.5,820.9500122070312,51003
2026-06-18 13:45:00+05:30,819.9500122070312,819.9500122070312,821.2000122070312,819.4500122070312,819.7000122070312,73821
2026-06-18 14:00:00+05:30,817.8499755859375,817.8499755859375,820.0999755859375,817.4500122070312,819.9500122070312,70874
2026-06-18 14:15:00+05:30,817.25,817.25,818.5499877929688,816.9000244140625,817.8499755859375,52863
2026-06-18 14:30:00+05:30,817.1500244140625,817.1500244140625,817.5499877929688,816.1500244140625,817.25,65678
2026-06-18 14:45:00+05:30,819.8499755859375,819.8499755859375,820.0499877929688,816.9500122070312,817.1500244140625,87250
2026-06-18 15:00:00+05:30,820.9500122070312,820.9500122070312,821.5999755859375,819.75,820.3499755859375,169312
2026-06-18 15:15:00+05:30,820.75,820.75,821.4500122070312,819.9500122070312,820.8499755859375,232166
2026-06-19 09:15:00+05:30,818.0,818.0,820.8499755859375,817.75,818.5,13821
2026-06-19 09:30:00+05:30,818.25,818.25,818.7999877929688,817.0999755859375,817.25,12137
2026-06-19 09:45:00+05:30,819.4500122070312,819.4500122070312,819.4500122070312,817.9000244140625,818.25,7325
2026-06-19 10:00:00+05:30,823.5999755859375,823.5999755859375,824.0999755859375,819.0499877929688,819.4500122070312,28505
2026-06-19 10:15:00+05:30,821.4500122070312,821.4500122070312,823.9000244140625,821.4500122070312,823.9000244140625,6307
2026-06-19 10:30:00+05:30,820.2999877929688,820.2999877929688,821.75,820.0499877929688,821.75,12908
2026-06-19 10:45:00+05:30,820.7999877929688,820.7999877929688,821.0999755859375,818.5999755859375,820.5499877929688,14963
2026-06-19 11:00:00+05:30,819.1500244140625,819.1500244140625,821.5999755859375,819.1500244140625,820.7999877929688,7301
2026-06-19 11:15:00+05:30,820.7000122070312,820.7000122070312,821.5499877929688,818.9000244140625,820.0,34287
2026-06-19 11:30:00+05:30,820.5999755859375,820.5999755859375,821.0,820.5,820.6500244140625,8838
2026-06-19 11:45:00+05:30,821.0,821.0,821.5999755859375,820.6500244140625,820.6500244140625,9414
2026-06-19 12:00:00+05:30,821.5499877929688,821.5499877929688,822.0999755859375,819.4000244140625,820.75,41172
2026-06-19 12:15:00+05:30,821.0,821.0,822.2000122070312,821.0,821.8499755859375,10323
2026-06-19 12:30:00+05:30,821.7000122070312,821.7000122070312,821.7000122070312,820.7999877929688,821.0,13783
2026-06-19 12:45:00+05:30,823.2999877929688,823.2999877929688,825.4500122070312,821.2000122070312,821.5499877929688,21908
2026-06-19 13:00:00+05:30,822.0,822.0,823.2999877929688,822.0,823.0,11170
2026-06-19 13:15:00+05:30,815.2000122070312,815.2000122070312,822.4500122070312,811.75,822.0,272706
2026-06-19 13:30:00+05:30,810.5999755859375,810.5999755859375,816.0,805.4000244140625,815.5499877929688,241170
2026-06-19 13:45:00+05:30,816.5499877929688,816.5499877929688,818.0,810.2999877929688,810.5,40410
2026-06-19 14:00:00+05:30,815.3499755859375,815.3499755859375,817.9500122070312,815.0499877929688,816.2999877929688,31274
2026-06-19 14:15:00+05:30,813.7000122070312,813.7000122070312,816.0999755859375,813.2999877929688,815.25,42107
2026-06-19 14:30:00+05:30,815.25,815.25,815.2999877929688,813.0,814.0,69158
2026-06-19 14:45:00+05:30,815.9500122070312,815.9500122070312,816.2999877929688,814.0,815.3499755859375,89510
2026-06-19 15:00:00+05:30,817.5499877929688,817.5499877929688,819.3499755859375,815.2999877929688,815.5499877929688,373954
2026-06-19 15:15:00+05:30,817.7000122070312,817.7000122070312,818.7000122070312,815.0,817.2000122070312,565285
2026-06-22 09:15:00+05:30,814.0,814.0,820.5,812.5499877929688,820.5,74509
2026-06-22 09:30:00+05:30,811.0,811.0,813.5999755859375,809.1500244140625,813.5999755859375,161213
2026-06-22 09:45:00+05:30,811.2000122070312,811.2000122070312,812.6500244140625,810.9000244140625,811.0,64884
2026-06-22 10:00:00+05:30,811.5,811.5,811.8499755859375,811.0,811.5999755859375,41806
2026-06-22 10:15:00+05:30,812.4500122070312,812.4500122070312,813.0,811.0,811.4000244140625,54129
2026-06-22 10:30:00+05:30,811.6500244140625,811.6500244140625,812.9500122070312,811.2000122070312,812.75,30718
2026-06-22 10:45:00+05:30,811.5999755859375,811.5999755859375,813.75,811.0999755859375,811.5499877929688,36657
2026-06-22 11:00:00+05:30,811.25,811.25,812.5499877929688,811.2000122070312,811.5999755859375,24391
2026-06-22 11:15:00+05:30,809.7000122070312,809.7000122070312,811.9000244140625,809.0999755859375,811.5999755859375,183053
2026-06-22 11:30:00+05:30,810.5,810.5,810.75,809.4000244140625,809.7000122070312,17390
2026-06-22 11:45:00+05:30,812.4500122070312,812.4500122070312,812.9500122070312,810.25,810.25,61443
2026-06-22 12:00:00+05:30,812.25,812.25,813.4500122070312,810.9500122070312,812.8499755859375,192677
2026-06-22 12:15:00+05:30,811.25,811.25,813.0999755859375,811.1500244140625,811.8499755859375,48325
2026-06-22 12:30:00+05:30,811.2999877929688,811.2999877929688,811.75,811.0,811.4000244140625,22054
2026-06-22 12:45:00+05:30,812.5,812.5,814.25,811.0499877929688,811.3499755859375,126201
2026-06-22 13:00:00+05:30,812.0499877929688,812.0499877929688,812.9000244140625,811.5999755859375,812.4500122070312,28281
2026-06-22 13:15:00+05:30,811.6500244140625,811.6500244140625,812.8499755859375,811.5999755859375,812.0,25135
2026-06-22 13:30:00+05:30,811.5499877929688,811.5499877929688,814.0,811.5,811.9500122070312,113552
2026-06-22 13:45:00+05:30,811.2999877929688,811.2999877929688,812.0999755859375,811.2000122070312,811.5,30532
2026-06-22 14:00:00+05:30,812.4500122070312,812.4500122070312,812.9000244140625,811.0,811.25,29977
2026-06-22 14:15:00+05:30,812.8499755859375,812.8499755859375,813.2999877929688,812.0999755859375,812.7000122070312,93823
2026-06-22 14:30:00+05:30,814.25,814.25,815.8499755859375,812.6500244140625,813.0,147981
2026-06-22 14:45:00+05:30,812.0999755859375,812.0999755859375,813.9000244140625,812.0,813.9000244140625,90779
2026-06-22 15:00:00+05:30,813.0,813.0,813.1500244140625,812.0999755859375,812.0999755859375,144203
2026-06-22 15:15:00+05:30,813.0,813.0,813.0,811.1500244140625,812.9000244140625,145153
2026-06-23 09:15:00+05:30,810.5499877929688,810.5499877929688,814.0499877929688,807.0,814.0499877929688,43550
2026-06-23 09:30:00+05:30,815.3499755859375,815.3499755859375,815.6500244140625,809.8499755859375,810.5499877929688,102317
2026-06-23 09:45:00+05:30,816.4000244140625,816.4000244140625,816.9000244140625,814.4000244140625,815.0499877929688,47287
2026-06-23 10:00:00+05:30,814.7999877929688,814.7999877929688,816.7999877929688,814.0,816.25,38507
2026-06-23 10:15:00+05:30,815.0999755859375,815.0999755859375,816.3499755859375,813.5999755859375,814.9500122070312,41067
2026-06-23 10:30:00+05:30,817.4500122070312,817.4500122070312,817.5999755859375,814.0999755859375,815.2999877929688,34883
2026-06-23 10:45:00+05:30,813.1500244140625,813.1500244140625,817.4500122070312,812.7999877929688,817.4500122070312,26137
2026-06-23 11:00:00+05:30,813.75,813.75,814.9500122070312,812.0499877929688,812.9000244140625,22449
2026-06-23 11:15:00+05:30,815.4500122070312,815.4500122070312,815.9500122070312,813.7999877929688,814.0999755859375,28913
2026-06-23 11:30:00+05:30,818.75,818.75,819.0499877929688,815.0499877929688,815.4500122070312,33036
2026-06-23 11:45:00+05:30,817.7000122070312,817.7000122070312,818.7000122070312,816.5999755859375,818.4000244140625,38097
2026-06-23 12:00:00+05:30,817.75,817.75,818.5999755859375,817.0,817.6500244140625,29447
2026-06-23 12:15:00+05:30,816.2999877929688,816.2999877929688,818.0499877929688,816.2999877929688,817.7999877929688,97506
2026-06-23 12:30:00+05:30,815.4500122070312,815.4500122070312,816.3499755859375,814.25,816.2999877929688,30857
2026-06-23 12:45:00+05:30,815.5,815.5,815.7000122070312,815.0,815.4500122070312,23012
2026-06-23 13:00:00+05:30,815.7000122070312,815.7000122070312,816.25,815.0,815.25,17559
2026-06-23 13:15:00+05:30,815.8499755859375,815.8499755859375,816.25,815.3499755859375,815.9000244140625,9424
2026-06-23 13:30:00+05:30,816.5999755859375,816.5999755859375,817.0,815.0999755859375,815.6500244140625,17589
2026-06-23 13:45:00+05:30,816.75,816.75,817.3499755859375,816.5,816.5499877929688,32767
2026-06-23 14:00:00+05:30,817.4000244140625,817.4000244140625,817.4000244140625,815.6500244140625,816.5,21222
2026-06-23 14:15:00+05:30,820.0,820.0,821.5,817.0,817.25,219276
2026-06-23 14:30:00+05:30,820.5,820.5,820.7999877929688,818.7000122070312,819.75,34970
2026-06-23 14:45:00+05:30,822.5499877929688,822.5499877929688,823.9500122070312,820.3499755859375,820.3499755859375,64317
2026-06-23 15:00:00+05:30,820.2000122070312,820.2000122070312,822.3499755859375,818.7999877929688,822.3499755859375,194909
2026-06-23 15:15:00+05:30,821.0499877929688,821.0499877929688,824.75,820.0999755859375,820.0999755859375,231393
2026-06-24 09:15:00+05:30,821.75,821.75,827.3499755859375,821.75,825.0,33503
2026-06-24 09:30:00+05:30,817.5,817.5,822.2000122070312,817.1500244140625,822.2000122070312,37068
2026-06-24 09:45:00+05:30,811.0499877929688,811.0499877929688,817.5,811.0499877929688,817.25,43623
2026-06-24 10:00:00+05:30,813.7000122070312,813.7000122070312,815.0999755859375,811.0999755859375,811.0999755859375,48636
2026-06-24 10:15:00+05:30,814.2999877929688,814.2999877929688,815.5499877929688,813.7000122070312,813.7000122070312,36407
2026-06-24 10:30:00+05:30,811.1500244140625,811.1500244140625,815.0,811.1500244140625,814.5999755859375,23989
2026-06-24 10:45:00+05:30,813.7000122070312,813.7000122070312,815.5,811.1500244140625,811.2000122070312,150617
2026-06-24 11:00:00+05:30,812.4000244140625,812.4000244140625,814.0499877929688,811.3499755859375,813.7000122070312,28438
2026-06-24 11:15:00+05:30,813.2000122070312,813.2000122070312,814.9500122070312,812.3499755859375,812.4000244140625,21498
2026-06-24 11:30:00+05:30,813.7999877929688,813.7999877929688,814.2000122070312,810.4500122070312,813.2000122070312,43028
2026-06-24 11:45:00+05:30,811.1500244140625,811.1500244140625,814.1500244140625,811.0,814.0,117360
2026-06-24 12:00:00+05:30,812.2999877929688,812.2999877929688,814.2999877929688,810.8499755859375,811.1500244140625,128022
2026-06-24 12:15:00+05:30,815.4500122070312,815.4500122070312,816.0999755859375,812.4500122070312,812.5,47709
2026-06-24 12:30:00+05:30,816.75,816.75,816.75,815.0,815.4500122070312,33478
2026-06-24 12:45:00+05:30,818.4500122070312,818.4500122070312,819.7000122070312,816.2999877929688,817.4000244140625,71366
2026-06-24 13:00:00+05:30,820.5,820.5,820.5,818.0,818.4500122070312,30736
2026-06-24 13:15:00+05:30,819.75,819.75,821.25,819.0,820.5,40305
2026-06-24 13:30:00+05:30,822.7000122070312,822.7000122070312,822.9000244140625,819.7999877929688,819.7999877929688,58852
2026-06-24 13:45:00+05:30,822.75,822.75,823.0,821.0,822.5499877929688,35252
2026-06-24 14:00:00+05:30,820.0,820.0,822.7999877929688,820.0,822.4000244140625,34924
2026-06-24 14:15:00+05:30,820.0499877929688,820.0499877929688,821.0499877929688,819.7999877929688,820.1500244140625,16960
2026-06-24 14:30:00+05:30,818.4000244140625,818.4000244140625,820.3499755859375,818.1500244140625,820.3499755859375,91395
2026-06-24 14:45:00+05:30,819.9500122070312,819.9500122070312,820.5,818.2999877929688,818.4000244140625,68643
2026-06-24 15:00:00+05:30,819.5,819.5,820.9000244140625,819.0499877929688,819.25,126027
2026-06-24 15:15:00+05:30,819.75,819.75,819.7999877929688,817.75,819.4500122070312,275063
2026-06-25 09:15:00+05:30,821.2000122070312,821.2000122070312,822.5499877929688,819.25,819.5,20818
2026-06-25 09:30:00+05:30,820.9000244140625,820.9000244140625,822.5999755859375,820.6500244140625,820.9500122070312,24509
2026-06-25 09:45:00+05:30,827.9500122070312,827.9500122070312,828.5999755859375,820.5499877929688,820.9000244140625,85848
2026-06-25 10:00:00+05:30,827.9500122070312,827.9500122070312,828.5,825.4500122070312,827.9000244140625,32488
2026-06-25 10:15:00+05:30,830.3499755859375,830.3499755859375,830.7000122070312,826.4500122070312,827.5999755859375,43410
2026-06-25 10:30:00+05:30,830.0,830.0,832.6500244140625,829.0499877929688,830.3499755859375,342784
2026-06-25 10:45:00+05:30,827.5,827.5,830.2999877929688,826.5999755859375,830.0,68905
2026-06-25 11:00:00+05:30,826.5499877929688,826.5499877929688,828.0,826.1500244140625,827.4500122070312,79039
2026-06-25 11:15:00+05:30,827.5,827.5,827.75,826.0999755859375,826.0999755859375,61726
2026-06-25 11:30:00+05:30,827.25,827.25,828.0,826.9000244140625,827.2000122070312,47906
2026-06-25 11:45:00+05:30,827.0499877929688,827.0499877929688,827.6500244140625,826.9500122070312,827.25,27591
2026-06-25 12:00:00+05:30,827.0,827.0,827.6500244140625,827.0,827.1500244140625,27307
2026-06-25 12:15:00+05:30,826.75,826.75,827.6500244140625,826.0999755859375,827.0,64905
2026-06-25 12:30:00+05:30,824.9000244140625,824.9000244140625,827.0499877929688,823.5499877929688,826.75,67481
2026-06-25 12:45:00+05:30,824.9000244140625,824.9000244140625,826.0,824.2999877929688,825.0,31326
2026-06-25 13:00:00+05:30,823.5,823.5,825.4500122070312,823.4500122070312,824.9000244140625,57902
2026-06-25 13:15:00+05:30,822.7000122070312,822.7000122070312,824.0999755859375,822.3499755859375,824.0499877929688,29148
2026-06-25 13:30:00+05:30,824.4000244140625,824.4000244140625,824.7999877929688,821.9500122070312,822.4000244140625,26864
2026-06-25 13:45:00+05:30,823.5999755859375,823.5999755859375,824.8499755859375,823.4000244140625,824.4500122070312,27530
2026-06-25 14:00:00+05:30,823.0,823.0,824.4500122070312,823.0,823.7999877929688,28505
2026-06-25 14:15:00+05:30,823.2999877929688,823.2999877929688,823.7000122070312,821.8499755859375,823.0,76059
2026-06-25 14:30:00+05:30,825.2000122070312,825.2000122070312,826.5999755859375,823.2999877929688,823.5499877929688,59622
2026-06-25 14:45:00+05:30,826.6500244140625,826.6500244140625,827.5,825.0,825.0499877929688,99036
2026-06-25 15:00:00+05:30,825.9500122070312,825.9500122070312,827.25,825.0499877929688,826.6500244140625,194002
2026-06-25 15:15:00+05:30,826.4000244140625,826.4000244140625,826.6500244140625,824.5999755859375,825.9500122070312,239988
2026-06-29 09:15:00+05:30,832.0499877929688,832.0499877929688,837.8499755859375,826.6500244140625,826.6500244140625,289535
2026-06-29 09:30:00+05:30,834.5,834.5,838.0999755859375,831.6500244140625,831.7999877929688,468361
2026-06-29 09:45:00+05:30,839.0,839.0,839.6500244140625,834.0999755859375,834.3499755859375,1027066
2026-06-29 10:00:00+05:30,841.0,841.0,842.0,838.5999755859375,839.9000244140625,183074
2026-06-29 10:15:00+05:30,841.0,841.0,842.75,840.0499877929688,840.6500244140625,855521
2026-06-29 10:30:00+05:30,840.5499877929688,840.5499877929688,841.5,838.3499755859375,841.0999755859375,80718
2026-06-29 10:45:00+05:30,842.9000244140625,842.9000244140625,843.9000244140625,838.7999877929688,840.75,86426
2026-06-29 11:00:00+05:30,842.0,842.0,843.5999755859375,841.2000122070312,842.9500122070312,67091
2026-06-29 11:15:00+05:30,842.25,842.25,844.5999755859375,841.0,842.0499877929688,171185
2026-06-29 11:30:00+05:30,843.0,843.0,843.4000244140625,840.2999877929688,843.0499877929688,165964
2026-06-29 11:45:00+05:30,840.5,840.5,844.5,840.5,842.7000122070312,172548
2026-06-29 12:00:00+05:30,836.5499877929688,836.5499877929688,840.6500244140625,836.4000244140625,840.25,93628
2026-06-29 12:15:00+05:30,836.9500122070312,836.9500122070312,837.7000122070312,835.7000122070312,836.75,52992
2026-06-29 12:30:00+05:30,837.5,837.5,837.5,835.5499877929688,836.75,57472
2026-06-29 12:45:00+05:30,838.0,838.0,838.0,836.1500244140625,837.2000122070312,42149
2026-06-29 13:00:00+05:30,838.5,838.5,839.5,837.2000122070312,838.0,66396
2026-06-29 13:15:00+05:30,840.25,840.25,840.5,837.0999755859375,838.25,118696
2026-06-29 13:30:00+05:30,839.7999877929688,839.7999877929688,840.5499877929688,839.3499755859375,840.5,50814
